provider,title,link,asin,price,currency,rating,reviews,image_url,is_prime,is_sponsored
amazon,"iPhone 17 Pro 512 GB: 15.93 cm (6.3″) Display with Promotion up to 120Hz, A19 Pro Chip, Breakthrough Battery Life, Pro Fusion Camera System with Center Stage Front Camera; Deep Blue",https://www.amazon.in/sspa/click?ie=UTF8&spc=MTo2ODUyNTgxMDY3Mjc5NTI3OjE3NzUwMzg0NjQ6c3BfYXRmOjMwMDcxNDEyOTAyMjgzMjo6MDo6&url=%2FiPhone-Pro-512-Promotion-Breakthrough%2Fdp%2FB0FQF5DG3P%2Fref%3Dsr_1_1_sspa%3Fdib%3DeyJ2IjoiMSJ9.nmwGHrewwiw-c3C0yW3Sq3cz379bO4Xe4VX3iVmTexvTooNNMRv2GttlZfaiJkeU5AzrwomK6bLqAOs5qwfXwa37ycRDk-0EOVNoTXhlSxUDWj_Y74aAzC0HlvZCwj-OUlVMe6uuYSUUmPC8CJHOP8pPLVasMz_MttkcpL3keSKTFUzH6B5ado1ZT6MUcSnf6thE75t-TZ9_x3CzXjPutrl9aMYzUwAwIvpJLa2j-Sw.5oedRC5dUL416yfzjxgXXwKBqwin9uR92vHceNaEEtA%26dib_tag%3Dse%26keywords%3Diphone%26qid%3D1775038464%26sr%3D8-1-spons%26aref%3D4YVN9ZDqCq%26sp_csd%3Dd2lkZ2V0TmFtZT1zcF9hdGY%26psc%3D1&aref=4YVN9ZDqCq&sp_cr=ZAZ,B0FQF5DG3P,154900.0,₹,4.5,,https://m.media-amazon.com/images/I/618vU2qKXQL._AC_UY218_.jpg,False,True
amazon,"iPhone 17 Pro Max 1 TB: 17.42 cm (6.9″) Display with Promotion, A19 Pro Chip, Best Battery Life in Any iPhone Ever, Pro Fusion Camera System, Center Stage Front Camera; Cosmic Orange",https://www.amazon.in/sspa/click?ie=UTF8&spc=MTo2ODUyNTgxMDY3Mjc5NTI3OjE3NzUwMzg0NjQ6c3BfYXRmOjMwMDcxNDEyOTAyMzgzMjo6MDo6&url=%2FiPhone-17-Pro-Max-Promotion%2Fdp%2FB0FQFPHB1W%2Fref%3Dsr_1_2_sspa%3Fdib%3DeyJ2IjoiMSJ9.nmwGHrewwiw-c3C0yW3Sq3cz379bO4Xe4VX3iVmTexvTooNNMRv2GttlZfaiJkeU5AzrwomK6bLqAOs5qwfXwa37ycRDk-0EOVNoTXhlSxUDWj_Y74aAzC0HlvZCwj-OUlVMe6uuYSUUmPC8CJHOP8pPLVasMz_MttkcpL3keSKTFUzH6B5ado1ZT6MUcSnf6thE75t-TZ9_x3CzXjPutrl9aMYzUwAwIvpJLa2j-Sw.5oedRC5dUL416yfzjxgXXwKBqwin9uR92vHceNaEEtA%26dib_tag%3Dse%26keywords%3Diphone%26qid%3D1775038464%26sr%3D8-2-spons%26aref%3DRkpRI3A9Hr%26sp_csd%3Dd2lkZ2V0TmFtZT1zcF9hdGY%26psc%3D1&aref=RkpRI3A9Hr&sp_cr=ZAZ,B0FQFPHB1W,189900.0,₹,4.4,,https://m.media-amazon.com/images/I/71MXmswILHL._AC_UY218_.jpg,False,True
amazon,"iPhone 17 Pro 256 GB: 15.93 cm (6.3″) Display with Promotion up to 120Hz, A19 Pro Chip, Breakthrough Battery Life, Pro Fusion Camera System with Center Stage Front Camera; Deep Blue",https://www.amazon.in/iPhone-Pro-256-Promotion-Breakthrough/dp/B0FQFYYPZF/ref=sr_1_3?dib=eyJ2IjoiMSJ9.nmwGHrewwiw-c3C0yW3Sq3cz379bO4Xe4VX3iVmTexvTooNNMRv2GttlZfaiJkeU5AzrwomK6bLqAOs5qwfXwa37ycRDk-0EOVNoTXhlSxUDWj_Y74aAzC0HlvZCwj-OUlVMe6uuYSUUmPC8CJHOP8pPLVasMz_MttkcpL3keSKTFUzH6B5ado1ZT6MUcSnf6thE75t-TZ9_x3CzXjPutrl9aMYzUwAwIvpJLa2j-Sw.5oedRC5dUL416yfzjxgXXwKBqwin9uR92vHceNaEEtA&dib_tag=se&keywords=iphone&qid=1775038464&sr=8-3,B0FQFYYPZF,134900.0,₹,4.5,,https://m.media-amazon.com/images/I/618vU2qKXQL._AC_UY218_.jpg,False,False
amazon,"iPhone Air 256 GB: Thinnest iPhone Ever, 16.63 cm (6.5″) Display with Promotion up to 120Hz, Powerful A19 Pro Chip, Center Stage Front Camera, All-Day Battery Life; Light Gold",https://www.amazon.in/iPhone-Air-256-GB-Promotion/dp/B0FQFTV1NP/ref=sr_1_4?dib=eyJ2IjoiMSJ9.nmwGHrewwiw-c3C0yW3Sq3cz379bO4Xe4VX3iVmTexvTooNNMRv2GttlZfaiJkeU5AzrwomK6bLqAOs5qwfXwa37ycRDk-0EOVNoTXhlSxUDWj_Y74aAzC0HlvZCwj-OUlVMe6uuYSUUmPC8CJHOP8pPLVasMz_MttkcpL3keSKTFUzH6B5ado1ZT6MUcSnf6thE75t-TZ9_x3CzXjPutrl9aMYzUwAwIvpJLa2j-Sw.5oedRC5dUL416yfzjxgXXwKBqwin9uR92vHceNaEEtA&dib_tag=se&keywords=iphone&qid=1775038464&sr=8-4,B0FQFTV1NP,119900.0,₹,4.0,,https://m.media-amazon.com/images/I/614MsdnfBxL._AC_UY218_.jpg,False,False
amazon,"iPhone 17 Pro Max 256 GB: 17.42 cm (6.9″) Display with Promotion, A19 Pro Chip, Best Battery Life in Any iPhone Ever, Pro Fusion Camera System, Center Stage Front Camera; Deep Blue",https://www.amazon.in/iPhone-Pro-Max-256-Promotion/dp/B0FQFV2XKS/ref=sr_1_5?dib=eyJ2IjoiMSJ9.nmwGHrewwiw-c3C0yW3Sq3cz379bO4Xe4VX3iVmTexvTooNNMRv2GttlZfaiJkeU5AzrwomK6bLqAOs5qwfXwa37ycRDk-0EOVNoTXhlSxUDWj_Y74aAzC0HlvZCwj-OUlVMe6uuYSUUmPC8CJHOP8pPLVasMz_MttkcpL3keSKTFUzH6B5ado1ZT6MUcSnf6thE75t-TZ9_x3CzXjPutrl9aMYzUwAwIvpJLa2j-Sw.5oedRC5dUL416yfzjxgXXwKBqwin9uR92vHceNaEEtA&dib_tag=se&keywords=iphone&qid=1775038464&sr=8-5,B0FQFV2XKS,149900.0,₹,4.4,,https://m.media-amazon.com/images/I/71R8VsJ07nL._AC_UY218_.jpg,False,False
amazon,"iPhone Air 256 GB: Thinnest iPhone Ever, 16.63 cm (6.5″) Display with Promotion up to 120Hz, Powerful A19 Pro Chip, Center Stage Front Camera, All-Day Battery Life; Sky Blue",https://www.amazon.in/iPhone-Air-256-GB-Promotion/dp/B0FQFJGP8S/ref=sr_1_6?dib=eyJ2IjoiMSJ9.nmwGHrewwiw-c3C0yW3Sq3cz379bO4Xe4VX3iVmTexvTooNNMRv2GttlZfaiJkeU5AzrwomK6bLqAOs5qwfXwa37ycRDk-0EOVNoTXhlSxUDWj_Y74aAzC0HlvZCwj-OUlVMe6uuYSUUmPC8CJHOP8pPLVasMz_MttkcpL3keSKTFUzH6B5ado1ZT6MUcSnf6thE75t-TZ9_x3CzXjPutrl9aMYzUwAwIvpJLa2j-Sw.5oedRC5dUL416yfzjxgXXwKBqwin9uR92vHceNaEEtA&dib_tag=se&keywords=iphone&qid=1775038464&sr=8-6,B0FQFJGP8S,94990.0,₹,4.5,,https://m.media-amazon.com/images/I/61Ce-6B6x+L._AC_UY218_.jpg,False,False
amazon,"iPhone Air 256 GB: Thinnest iPhone Ever, 16.63 cm (6.5″) Display with Promotion up to 120Hz, Powerful A19 Pro Chip, Center Stage Front Camera, All-Day Battery Life; Cloud White",https://www.amazon.in/iPhone-Air-256-GB-Promotion/dp/B0FQFLWN5Z/ref=sr_1_7?dib=eyJ2IjoiMSJ9.nmwGHrewwiw-c3C0yW3Sq3cz379bO4Xe4VX3iVmTexvTooNNMRv2GttlZfaiJkeU5AzrwomK6bLqAOs5qwfXwa37ycRDk-0EOVNoTXhlSxUDWj_Y74aAzC0HlvZCwj-OUlVMe6uuYSUUmPC8CJHOP8pPLVasMz_MttkcpL3keSKTFUzH6B5ado1ZT6MUcSnf6thE75t-TZ9_x3CzXjPutrl9aMYzUwAwIvpJLa2j-Sw.5oedRC5dUL416yfzjxgXXwKBqwin9uR92vHceNaEEtA&dib_tag=se&keywords=iphone&qid=1775038464&sr=8-7,B0FQFLWN5Z,94990.0,₹,4.5,,https://m.media-amazon.com/images/I/61+0aSXsyGL._AC_UY218_.jpg,False,False
amazon,"iPhone Air 256 GB: Thinnest iPhone Ever, 16.63 cm (6.5″) Display with Promotion up to 120Hz, Powerful A19 Pro Chip, Center Stage Front Camera, All-Day Battery Life; Space Black",https://www.amazon.in/iPhone-Air-256-GB-Promotion/dp/B0FQFBDQJ1/ref=sr_1_8?dib=eyJ2IjoiMSJ9.nmwGHrewwiw-c3C0yW3Sq3cz379bO4Xe4VX3iVmTexvTooNNMRv2GttlZfaiJkeU5AzrwomK6bLqAOs5qwfXwa37ycRDk-0EOVNoTXhlSxUDWj_Y74aAzC0HlvZCwj-OUlVMe6uuYSUUmPC8CJHOP8pPLVasMz_MttkcpL3keSKTFUzH6B5ado1ZT6MUcSnf6thE75t-TZ9_x3CzXjPutrl9aMYzUwAwIvpJLa2j-Sw.5oedRC5dUL416yfzjxgXXwKBqwin9uR92vHceNaEEtA&dib_tag=se&keywords=iphone&qid=1775038464&sr=8-8,B0FQFBDQJ1,101190.0,₹,4.4,,https://m.media-amazon.com/images/I/61knPJtYRpL._AC_UY218_.jpg,False,False
amazon,"iPhone Air 512 GB: Thinnest iPhone Ever, 16.63 cm (6.5″) Display with Promotion up to 120Hz, Powerful A19 Pro Chip, Center Stage Front Camera, All-Day Battery Life; Sky Blue",https://www.amazon.in/iPhone-Air-512-GB-Promotion/dp/B0FQFH6CV1/ref=sr_1_9?dib=eyJ2IjoiMSJ9.nmwGHrewwiw-c3C0yW3Sq3cz379bO4Xe4VX3iVmTexvTooNNMRv2GttlZfaiJkeU5AzrwomK6bLqAOs5qwfXwa37ycRDk-0EOVNoTXhlSxUDWj_Y74aAzC0HlvZCwj-OUlVMe6uuYSUUmPC8CJHOP8pPLVasMz_MttkcpL3keSKTFUzH6B5ado1ZT6MUcSnf6thE75t-TZ9_x3CzXjPutrl9aMYzUwAwIvpJLa2j-Sw.5oedRC5dUL416yfzjxgXXwKBqwin9uR92vHceNaEEtA&dib_tag=se&keywords=iphone&qid=1775038464&sr=8-9,B0FQFH6CV1,113990.0,₹,3.7,,https://m.media-amazon.com/images/I/61Ce-6B6x+L._AC_UY218_.jpg,False,False
amazon,"iPhone Air 512 GB: Thinnest iPhone Ever, 16.63 cm (6.5″) Display with Promotion up to 120Hz, Powerful A19 Pro Chip, Center Stage Front Camera, All-Day Battery Life; Cloud White",https://www.amazon.in/iPhone-Air-512-GB-Promotion/dp/B0FQFJG6WN/ref=sr_1_10?dib=eyJ2IjoiMSJ9.nmwGHrewwiw-c3C0yW3Sq3cz379bO4Xe4VX3iVmTexvTooNNMRv2GttlZfaiJkeU5AzrwomK6bLqAOs5qwfXwa37ycRDk-0EOVNoTXhlSxUDWj_Y74aAzC0HlvZCwj-OUlVMe6uuYSUUmPC8CJHOP8pPLVasMz_MttkcpL3keSKTFUzH6B5ado1ZT6MUcSnf6thE75t-TZ9_x3CzXjPutrl9aMYzUwAwIvpJLa2j-Sw.5oedRC5dUL416yfzjxgXXwKBqwin9uR92vHceNaEEtA&dib_tag=se&keywords=iphone&qid=1775038464&sr=8-10,B0FQFJG6WN,113990.0,₹,5.0,,https://m.media-amazon.com/images/I/61+0aSXsyGL._AC_UY218_.jpg,False,False
